"n_ParticipantType","n_ParticipantID","c_Participant","c_ParticipantShort","c_ParticipantFirstName","c_ParticipantLastName","c_Bib","n_StartOrder","NOC.n_ID","NOC.n_GeoID","NOC.c_Name","NOC.c_Short","n_Rank","n_RankSort","c_Rank","c_Result","c_ResultAbs","n_TimeAbs","n_TimeRel","c_ResultInfo_2","b_Completed","b_Upcoming","n_BDF_StartTime","c_BDF_StartTime","n_BDF_VideoSessionID","c_ClientStreamURL"
1, 709694,"MEYERS TAYLOR Elana","MEYERS TAYLOR E","Elana","Meyers Taylor","4",18,    5, 2209,United States,USA, 1, 1,"1","1:05.11","1:05.11",65110,   0,"121.2",TRUE,FALSE,1518048018,"456892:00:25",238,"https://stream.nbcolympics.com/monobob-heats-3-4"
1, 850807,"WALKER Breeana","WALKER B","Breeana","Walker","8",16,  157, 2229,Australia,AUS, 2, 2,"2","+0.10","1:05.21",65210, 100,"122.0",TRUE,FALSE,1518048016,"456891:37:50",238,"https://stream.nbcolympics.com/monobob-heats-3-4"
1, 484979,"HUMPHRIES Kaillie","HUMPHRIES K","Kaillie","Humphries","5",20,    5, 2209,United States,USA, 3, 3,"3","+0.19","1:05.30",65300, 190,"121.0",TRUE,FALSE,1518048020,"456892:01:28",238,"https://stream.nbcolympics.com/monobob-heats-3-4"
1,1475349,"NOLTE Laura","NOLTE L","Laura","Nolte","9",17,    2, 2206,Germany,GER, 4, 4,"4","+0.20","1:05.31",65310, 200,"121.7",TRUE,FALSE,1518048017,"456891:40:19",238,"https://stream.nbcolympics.com/monobob-heats-3-4"
1,1114670,"DE BRUIN Christine","DE BRUIN C","Christine","de Bruin","7",19,  159, 2231,Canada,CAN, 5, 5,"5","+0.40","1:05.51",65510, 400,"121.8",TRUE,FALSE,1518048019,"456891:45:26",238,"https://stream.nbcolympics.com/monobob-heats-3-4"
1,1720360,"HASLER Melanie","HASLER M","Melanie","Hasler","12",12,  149, 2213,Switzerland,SUI, 6, 6,"6","+0.45","1:05.56",65560, 450,"121.5",TRUE,FALSE,1518048012,"456891:30:10",238,"https://stream.nbcolympics.com/monobob-heats-3-4"
1,1339644,"JAMANKA Mariama","JAMANKA M","Mariama","Jamanka","11", 7,    2, 2206,Germany,GER, 7, 7,"7","+0.63","1:05.74",65740, 630,"121.1",TRUE,FALSE,1518048007,"456891:18:20",238,"https://stream.nbcolympics.com/monobob-heats-3-4"
1,1563742,"HUAI Mingming","HUAI M","Mingming","Huai","2",15,   26, 2770,China,CHN, 8, 8,"8","+0.86","1:05.97",65970, 860,"120.0",TRUE,FALSE,1518048015,"456891:39:50",238,"https://stream.nbcolympics.com/monobob-heats-3-4"
1,1467430,"APPIAH Cynthia","APPIAH C","Cynthia","Appiah","6",13,  159, 2231,Canada,CAN, 9, 9,"9","+0.87","1:05.98",65980, 870,"120.1",TRUE,FALSE,1518048013,"456891:33:39",238,"https://stream.nbcolympics.com/monobob-heats-3-4"
1,1017175,"GRECU Andreea","GRECU A","Andreea","Grecu","14", 9,  164, 2244,Romania,ROU,10,10,"10","+1.15","1:06.26",66260,1150,"119.1",TRUE,FALSE,1518048009,"456891:22:37",238,"https://stream.nbcolympics.com/monobob-heats-3-4"
1, 779427,"SERGEEVA Nadezhda","SERGEEVA N","Nadezhda","Sergeeva","10",11,23062,73035,ROC,ROC,11,11,"11","+1.20","1:06.31",66310,1200,"120.1",TRUE,FALSE,1518048011,"456891:27:37",238,"https://stream.nbcolympics.com/monobob-heats-3-4"
1,1358245,"ANDREUTTI Giada","ANDREUTTI G","Giada","Andreutti","20", 5,    6, 2210,Italy,ITA,12,12,"12","+1.27","1:06.38",66380,1270,"120.0",TRUE,FALSE,1518048005,"456891:10:23",238,"https://stream.nbcolympics.com/monobob-heats-3-4"
1,1458191,"KIM Yooran","KIM Y","Yooran","Kim","1", 3,  106, 4391,South Korea,KOR,13,13,"13","+1.30","1:06.41",66410,1300,"120.0",TRUE,FALSE,1518048003,"456891:08:29",238,"https://stream.nbcolympics.com/monobob-heats-3-4"
1,1563740,"YING Qing","YING Q","Qing","Ying","13",14,   26, 2770,China,CHN,14,14,"14","+1.33","1:06.44",66440,1330,"119.0",TRUE,FALSE,1518048014,"456891:33:00",238,"https://stream.nbcolympics.com/monobob-heats-3-4"
1,1969523,"CERNANSKA Viktoria","CERNANSKA V","Viktoria","Cernanska","18", 4,   14, 2233,Slovakia,SVK,15,15,"15","+1.36","1:06.47",66470,1360,"119.7",TRUE,FALSE,1518048004,"456891:11:06",238,"https://stream.nbcolympics.com/monobob-heats-3-4"
1,1433753,"BOCH Margot","BOCH M","Margot","Boch","17",10,  144, 2202,France,FRA,16,16,"16","+1.42","1:06.53",66530,1420,"120.3",TRUE,FALSE,1518048010,"456891:25:35",238,"https://stream.nbcolympics.com/monobob-heats-3-4"
1,1238010,"BEIERL Katrin","BEIERL K","Katrin","Beierl","16", 8,  151, 2219,Austria,AUT,17,17,"17","+1.45","1:06.56",66560,1450,"118.6",TRUE,FALSE,1518048008,"456891:17:54",238,"https://stream.nbcolympics.com/monobob-heats-3-4"
1,1295752,"SLEPER Karlien","SLEPER K","Karlien","Sleper","15", 6,    1, 2201,Netherlands,NED,18,18,"18","+1.54","1:06.65",66650,1540,"118.0",TRUE,FALSE,1518048006,"456891:12:59",238,"https://stream.nbcolympics.com/monobob-heats-3-4"
1,2055892,"HUNKO Lidiia","HUNKO L","Lidiia","Hunko","3", 1,   13, 2232,Ukraine,UKR,19,19,"19","+2.34","1:07.45",67450,2340,"117.7",TRUE,FALSE,1518048001,"456891:03:17",238,"https://stream.nbcolympics.com/monobob-heats-3-4"
1, 777986,"FENLATOR Jazmine","FENLATOR J","Jazmine","Fenlator","19", 2,  248, 7233,Jamaica,JAM,20,20,"20","+2.52","1:07.63",67630,2520,"117.3",TRUE,FALSE,1518048002,"456891:05:19",238,"https://stream.nbcolympics.com/monobob-heats-3-4"
